epoch,avg_train_loss,avg_train_acc,avg_val_loss,avg_val_acc,val_roc_auc
1,0.646565427050827,0.6622073578595318,0.5648766611416622,0.7333333333333333,0.8556187766714083
2,0.5143886584409788,0.8093645484949833,0.49031313748083893,0.7466666666666667,0.8748221906116643
3,0.47036245919920144,0.7859531772575251,0.4575107129265424,0.7733333333333333,0.871977240398293
4,0.4311472198241013,0.8361204013377926,0.5095291427558616,0.7733333333333333,0.8584637268847796
5,0.44999918322651106,0.8260869565217391,0.49552272234822226,0.76,0.8620199146514936
6,0.42957907230398445,0.8193979933110368,0.5569899296547589,0.7333333333333333,0.8591749644381224
7,0.4405560057959747,0.8327759197324415,0.4654776523215569,0.7866666666666666,0.8904694167852063
8,0.3667522260300577,0.8528428093645485,0.43073067897176087,0.8133333333333334,0.8975817923186346
9,0.39408675147017147,0.862876254180602,0.4720524223652726,0.7733333333333333,0.8947368421052632
10,0.44106360510581016,0.8294314381270903,0.42597124390023755,0.8,0.8982930298719772
11,0.37948000499230244,0.842809364548495,0.40676841133301406,0.8266666666666667,0.914651493598862
12,0.41491645773766433,0.8461538461538461,0.39497452164904323,0.7733333333333333,0.903271692745377
13,0.4429914165458119,0.8294314381270903,0.5108981555172261,0.7866666666666666,0.8833570412517782
14,0.3775795669968888,0.862876254180602,0.450148669389044,0.7733333333333333,0.8904694167852063
15,0.35418090961660703,0.8461538461538461,0.430054247757787,0.7733333333333333,0.8982930298719772
16,0.3080945991114098,0.8762541806020067,0.42932749556112526,0.8133333333333334,0.9110953058321479
17,0.4005648453730076,0.8394648829431438,0.3723586775027085,0.84,0.9203413940256046
18,0.32044030184194083,0.882943143812709,0.3768990019271177,0.8266666666666667,0.9288762446657184
19,0.32959286227654555,0.8662207357859532,0.34535706823251267,0.84,0.9359886201991464
20,0.33139321020582413,0.862876254180602,0.35030951576861885,0.8533333333333334,0.9395448079658606
21,0.3396470140897268,0.8695652173913043,0.37153066608530916,0.8133333333333334,0.9395448079658606
22,0.317806925945476,0.8695652173913043,0.33816582045367805,0.8666666666666667,0.9459459459459458
23,0.27979897090389616,0.8963210702341137,0.2984203745765679,0.8533333333333334,0.9509246088193457
24,0.37788941253111513,0.8762541806020067,0.29736323921231766,0.8666666666666667,0.9495021337126601
25,0.2826877278948574,0.8862876254180602,0.26274412506404193,0.92,0.9594594594594594
26,0.35428202519811847,0.8762541806020067,0.38605996692990646,0.8266666666666667,0.9395448079658606
27,0.32814782216610466,0.8729096989966555,0.31438424864050263,0.84,0.9431009957325747
28,0.2975939895699919,0.8729096989966555,0.3629252438949563,0.8133333333333334,0.9431009957325748
29,0.31412242699613674,0.8795986622073578,0.279062898138396,0.88,0.953769559032717
30,0.31894256948593724,0.8729096989966555,0.26286235441681216,0.8533333333333334,0.9637268847795163
31,0.33667185287337714,0.8595317725752508,0.3499009835729407,0.8266666666666667,0.9445234708392602
32,0.24856562170944632,0.903010033444816,0.29939773791132007,0.8533333333333334,0.9473684210526316
33,0.3572616153598855,0.8528428093645485,0.28005631016989463,0.8666666666666667,0.9523470839260313
34,0.25591194454132227,0.8929765886287625,0.26119253925491126,0.8666666666666667,0.960881934566145
35,0.361775348741607,0.8561872909698997,0.3123861659393675,0.8666666666666667,0.9559032716927454
36,0.28060405184919,0.903010033444816,0.2676043307417849,0.8933333333333333,0.9630156472261735
37,0.2652075833598709,0.882943143812709,0.327849865036636,0.8666666666666667,0.9559032716927454
38,0.26970070370840604,0.8862876254180602,0.30185397393871954,0.8933333333333333,0.9516358463726885
39,0.28889886150915395,0.8929765886287625,0.2636460053832937,0.8933333333333333,0.9608819345661451
40,0.2462003002930807,0.8896321070234113,0.2805554544057479,0.8933333333333333,0.9559032716927455
41,0.3182709077585418,0.8862876254180602,0.2723401885047407,0.8533333333333334,0.9601706970128023
42,0.28758972160762647,0.8862876254180602,0.2318734986282243,0.8933333333333333,0.9672830725462305
43,0.26891971802639386,0.8996655518394648,0.23650699460040306,0.9066666666666666,0.9637268847795163
44,0.2837949859434949,0.8996655518394648,0.23629781460610275,0.88,0.9644381223328592
45,0.29475455152109015,0.8929765886287625,0.28571342070029615,0.9066666666666666,0.9644381223328592
46,0.24584728011499604,0.9163879598662207,0.2528751189294996,0.92,0.9594594594594594
47,0.2216793774483677,0.9331103678929766,0.23502631745829328,0.9333333333333333,0.965149359886202
48,0.19130683780673355,0.9331103678929766,0.2418885572392744,0.9066666666666666,0.9594594594594595
49,0.2111914802299479,0.9063545150501672,0.23490253316658988,0.92,0.9651493598862021
50,0.3146272432774935,0.8963210702341137,0.24178927157585112,0.9066666666666666,0.9665718349928876
51,0.24106167525677685,0.903010033444816,0.27632896984130784,0.8666666666666667,0.9608819345661452
52,0.18771895067352615,0.9264214046822743,0.21839951251649292,0.9333333333333333,0.9722617354196302
53,0.18644211185935722,0.9264214046822743,0.2480656772925053,0.92,0.9694167852062588
54,0.2543703413245867,0.8963210702341137,0.2068922336747912,0.92,0.9708392603129445
55,0.23082885110394338,0.9230769230769231,0.23487626400817282,0.92,0.9708392603129445
56,0.24183813950389665,0.9096989966555183,0.23332176235833582,0.9333333333333333,0.9715504978662874
57,0.1913542268596855,0.9230769230769231,0.2370512609997444,0.9066666666666666,0.9644381223328591
58,0.21649065722131963,0.9464882943143813,0.2258721104031441,0.9333333333333333,0.9679943100995733
59,0.28886332335324255,0.9163879598662207,0.2246075096537723,0.9466666666666667,0.9665718349928877
60,0.22057242642395247,0.9163879598662207,0.2033719500433226,0.9466666666666667,0.97724039829303
61,0.2783474110347209,0.8963210702341137,0.21901766364832043,0.92,0.9729729729729729
62,0.18257756116555335,0.9331103678929766,0.2033654964059526,0.9466666666666667,0.9765291607396871
63,0.28859099111968384,0.903010033444816,0.21729180052250982,0.9333333333333333,0.9743954480796585
64,0.18892395683373683,0.9096989966555183,0.2834142256419947,0.9066666666666666,0.972972972972973
65,0.23813992520205376,0.9230769230769231,0.2488191922819884,0.8933333333333333,0.9701280227596019
66,0.2694675451088126,0.8896321070234113,0.20848678547199043,0.9066666666666666,0.9708392603129445
67,0.28078330942911833,0.8896321070234113,0.21146964400007146,0.9466666666666667,0.9786628733997156
68,0.21543334131977426,0.9063545150501672,0.225320631510235,0.8933333333333333,0.972972972972973
69,0.18307386211817497,0.9297658862876255,0.20128336826545568,0.8933333333333333,0.9800853485064012
70,0.19946828767832447,0.9431438127090301,0.21997050367145382,0.92,0.972972972972973
71,0.21711796594850383,0.903010033444816,0.19983452988269676,0.92,0.9779516358463727
72,0.19583124358152817,0.9264214046822743,0.2642809063421646,0.8933333333333333,0.9758179231863442
73,0.19199014143231158,0.9331103678929766,0.1897661018769906,0.9466666666666667,0.9786628733997156
74,0.16605055141403782,0.9431438127090301,0.1942724050960855,0.9466666666666667,0.9800853485064012
75,0.20827280025095388,0.9130434782608695,0.2113341012780608,0.92,0.9751066856330015
76,0.17727817379302485,0.9264214046822743,0.1811878338849652,0.9333333333333333,0.9779516358463727
77,0.2336899571850857,0.9230769230769231,0.1936832455320437,0.9333333333333333,0.9772403982930299
78,0.17016018641351713,0.9264214046822743,0.19404616178388348,0.92,0.9786628733997156
79,0.18208795745604378,0.9331103678929766,0.23420551245118262,0.92,0.9736842105263158
80,0.19584194383025133,0.9264214046822743,0.2543240024829078,0.9066666666666666,0.9701280227596016
81,0.182543593641457,0.9331103678929766,0.22648974914426906,0.9066666666666666,0.9722617354196302
82,0.16892589598845414,0.9431438127090301,0.24374497333148573,0.9066666666666666,0.9736842105263158
83,0.21862616710057764,0.9264214046822743,0.22794402141754058,0.92,0.9715504978662874
84,0.15548777776833675,0.9464882943143813,0.25888978901836324,0.9066666666666666,0.9701280227596016
85,0.2730831473699762,0.9264214046822743,0.25752451575848806,0.92,0.9679943100995733
86,0.21934088522685619,0.9264214046822743,0.264247737458424,0.92,0.9708392603129445
87,0.1756871741631657,0.9331103678929766,0.2293862433467502,0.92,0.9758179231863442
88,0.2115392922255041,0.9331103678929766,0.18903857983181202,0.9333333333333333,0.9793741109530584
89,0.20429774542884507,0.9130434782608695,0.1777858612284688,0.9466666666666667,0.9800853485064012
90,0.21794985730779004,0.9230769230769231,0.2040678146758018,0.92,0.9786628733997156
91,0.25179940568739995,0.8963210702341137,0.19736452226514972,0.92,0.9786628733997155
92,0.12937283011323028,0.9632107023411371,0.17632353746246038,0.9333333333333333,0.9815078236130869
93,0.18047677818696803,0.9297658862876255,0.21852130281304022,0.92,0.9779516358463727
94,0.24764732469342024,0.9264214046822743,0.21999075267717355,0.9066666666666666,0.9743954480796586
95,0.27569309724910857,0.9230769230769231,0.19778080489834365,0.9333333333333333,0.9751066856330014
96,0.18977191883023234,0.9264214046822743,0.191041424132852,0.9466666666666667,0.9758179231863443
97,0.1729823403657411,0.9364548494983278,0.18214929367477567,0.9466666666666667,0.9793741109530583
98,0.1451403833655264,0.9331103678929766,0.19417808359562092,0.9466666666666667,0.9786628733997156
99,0.22209379705154841,0.9096989966555183,0.19001864525348225,0.9333333333333333,0.9800853485064012
100,0.16949742885766686,0.9464882943143813,0.18644914706628365,0.92,0.980796586059744
101,0.25466206280691817,0.9230769230769231,0.19867122140785967,0.9333333333333333,0.9786628733997156
102,0.13281492212824716,0.9464882943143813,0.18744061763471753,0.9333333333333333,0.9786628733997156
103,0.1383188459543207,0.9431438127090301,0.1893005087865621,0.9333333333333333,0.9800853485064013
104,0.16147709668758015,0.9331103678929766,0.20280314986979034,0.9333333333333333,0.9786628733997156
105,0.1832878931925604,0.9364548494983278,0.19384689746247843,0.9333333333333333,0.9793741109530583
106,0.20011863317375736,0.939799331103679,0.18548970125119393,0.9333333333333333,0.9793741109530584
107,0.1471338830395238,0.9565217391304348,0.1875067107925856,0.9333333333333333,0.9800853485064012
108,0.1874959826405326,0.9297658862876255,0.20401363556140117,0.9333333333333333,0.9772403982930299
109,0.1684081331232966,0.9297658862876255,0.19506464830100037,0.9333333333333333,0.9793741109530585
110,0.22190206840387128,0.919732441471572,0.21280681805211618,0.9333333333333333,0.9751066856330015
111,0.22858639487550522,0.9230769230769231,0.255095630493274,0.9066666666666666,0.9736842105263158
112,0.17177464689318525,0.9498327759197325,0.21264864825962262,0.9333333333333333,0.9772403982930299
113,0.16776558940143224,0.9297658862876255,0.18423130366116808,0.9466666666666667,0.9779516358463727
114,0.21607104841328173,0.9297658862876255,0.24017729142629382,0.9066666666666666,0.9758179231863442
115,0.2015013994197706,0.939799331103679,0.2329267640874698,0.92,0.9758179231863442
116,0.18768780564156498,0.9364548494983278,0.24018375069868309,0.9066666666666666,0.9765291607396871
117,0.18240801333566609,0.9264214046822743,0.2377020549979403,0.92,0.9751066856330014
118,0.19324293383109784,0.9431438127090301,0.19028006472687314,0.9333333333333333,0.9800853485064012
119,0.19070620904678678,0.9431438127090301,0.20147209896423915,0.9333333333333333,0.9772403982930299
120,0.1626942166029921,0.9364548494983278,0.21215178120032083,0.9333333333333333,0.9765291607396871
