true_label,predicted_label,mean_probability,predictive_std,predictive_entropy,correct,flag_for_review
0,0,0.21904892696290879,0.1416809582370776,0.5257015799306148,True,False
1,1,0.954744796860733,0.15991246599712086,0.18430003645142673,True,False
1,0,0.19064060115037365,0.2355288814642537,0.487150508757781,False,True
0,0,0.04007090000975759,0.1133830540519658,0.16816940436550934,True,False
0,0,0.02078738505107422,0.08285652647271517,0.1010878561128202,True,False
1,1,0.929533278976681,0.10458968727697958,0.25484453761623893,True,False
1,1,0.9814337074947497,0.08720625471670254,0.0924056692770349,True,False
0,0,0.05349382258335853,0.1107848712536298,0.20867683613217627,True,False
1,1,0.8318266566703175,0.1889500167382067,0.4529779567488461,True,False
1,1,0.9050494308079715,0.19134160671698905,0.3138444141087436,True,False
0,0,0.16378803435151665,0.16804471040239383,0.44589825673889183,True,False
0,0,0.06356811620308474,0.12204134691387687,0.2366744848839904,True,False
0,0,0.04398416593210792,0.08473993781528613,0.18040561897291735,True,False
1,0,0.08792772707262925,0.12247183503975684,0.29771693779466574,False,False
0,0,0.06146991507277705,0.10007995425957227,0.23099303369029436,True,False
1,1,0.9642626854741659,0.10330720073002533,0.15415199317915373,True,False
0,0,0.024243518727208133,0.07416703848976505,0.11412357546858243,True,False
0,0,0.09810639274800145,0.1071756809498872,0.3209022573181548,True,False
1,1,0.5687873570227298,0.1989478119461044,0.683653697281717,True,False
1,1,0.9550789041168763,0.1080950950979483,0.18328000637558758,True,False
1,1,0.9911592766648681,0.06175173881595534,0.05060388404523872,True,False
1,1,0.7903315174425727,0.20393505128691522,0.5135171013689251,True,False
0,0,0.09802729607989225,0.1351391285732481,0.32072675042483634,True,False
1,1,0.9771312835118791,0.04179989566073722,0.10900288586010579,True,False
0,0,0.33014709346919974,0.20205187590037543,0.6342827541837072,True,False
1,0,0.29750290812029956,0.15137395151307942,0.6087336494277381,False,False
1,1,0.9738426809263092,0.056218441716259636,0.12111968607185628,True,False
1,0,0.4764580355189675,0.214954002155942,0.6920383204606286,False,False
1,1,0.9880327445211846,0.06236259999817765,0.06485741780159399,True,False
1,1,0.9645418073057604,0.08064897715078215,0.15323110647771115,True,False
0,0,0.046817350642386166,0.07821466786367533,0.18903528638530262,True,False
1,0,0.27064515058480915,0.2402924658694648,0.5838994641356381,False,True
1,1,0.976328831224439,0.08847620611569555,0.11200172816086595,True,False
0,0,0.09152208413323239,0.10581906821101164,0.3060452956401607,True,False
0,1,0.6321794672069384,0.2870875056575886,0.6577855323633934,False,True
0,0,0.09222179050259531,0.17458012881985446,0.30764831745880794,True,False
0,0,0.039997521025384446,0.054698342624634196,0.167936267339382,True,False
1,0,0.47777748515494983,0.2488525852683281,0.6921591727998515,False,True
1,1,0.9018699806478716,0.1965419082955014,0.3209546684628548,True,False
1,1,0.928743252537132,0.15376558025545162,0.2568776960468901,True,False
1,0,0.4719577722367044,0.19472208650975806,0.6915736199485238,False,False
0,0,0.05559116174185715,0.10060555564872205,0.2146600210196012,True,False
0,0,0.1279796417871463,0.20857417787259852,0.3825279611876985,True,False
0,0,0.12233622831890342,0.1003147110480414,0.3715540618337969,True,False
0,0,0.09095555401438277,0.15794946043653899,0.3047430675439975,True,False
1,1,0.9733587935375928,0.09308699357115857,0.1228653965409846,True,False
0,0,0.03584873462700684,0.06631291559622174,0.15451896122655884,True,False
0,0,0.08097357019440583,0.1529603493677889,0.28114075062745836,True,False
0,0,0.02322088626178975,0.07560078732470865,0.11032246963408265,True,False
0,0,0.042107525452670214,0.07596206284718443,0.17458508940857312,True,False
0,0,0.06226247287682786,0.10843631172876422,0.23314793931917965,True,False
0,0,0.041065646641611143,0.08241333611693848,0.1713161658166773,True,False
1,1,0.9757080974605633,0.09351581880545846,0.11430230729022497,True,False
1,1,0.9622105331141022,0.101486302708855,0.16085417138207866,True,False
0,0,0.11972405511386552,0.211304771384916,0.36637482758104556,True,False
1,1,0.9941637915107624,0.026637079883244673,0.03583869601869453,True,False
0,0,0.016592357005037875,0.05634080732796226,0.08446290457486236,True,False
1,1,0.9787758130111578,0.10546252223345214,0.10276593813011253,True,False
0,0,0.1847416346993909,0.26208002972841027,0.47850780319669933,True,True
0,0,0.049781180395443166,0.0914680707447943,0.19787043565345408,True,False
1,1,0.8469737595163918,0.21762142049113634,0.42792268834500247,True,False
1,1,0.9538775281477219,0.08379390163154465,0.1869357968125386,True,False
1,1,0.5057033369507826,0.2610466507223068,0.6930821210443581,True,True
1,1,0.9715406376160355,0.07620425199786927,0.1293452804085109,True,False
1,1,0.9136869547980807,0.16962441330831474,0.2939235216175332,True,False
0,0,0.31230141000974343,0.26234672779909196,0.6209297010221779,True,True
0,0,0.07969346803980203,0.07767967202989298,0.27802007327078704,True,False
0,1,0.8726627045163484,0.16354761660236836,0.3812934849280397,False,False
1,1,0.9770655642357167,0.05698944158691983,0.1092495554080537,True,False
1,1,0.6102955911471171,0.23226472995510256,0.6686156796671656,True,False
1,1,0.53145778085376,0.3143702384763625,0.6911666868126118,True,True
0,0,0.04943876588290532,0.10235778803834991,0.1968593942975431,True,False
1,1,0.8718393362854261,0.15935424929093214,0.38287518493476613,True,False
0,0,0.26651107709609734,0.23609532262877048,0.5797577129632548,True,True
1,1,0.9831639138101315,0.07752869673601523,0.08545601538254469,True,False
1,1,0.9299095424623987,0.12282760824232991,0.25387286764918543,True,False
1,1,0.8217236712247619,0.26039936757609056,0.4687697105669043,True,True
1,1,0.9821430328147926,0.08695640028732314,0.08957732069068725,True,False
1,1,0.9725621550130681,0.08583489434055215,0.1257198160170582,True,False
0,0,0.0203940171325612,0.048174365068885956,0.09956861993673546,True,False
0,0,0.2060462758120175,0.21277048405305934,0.5086709470984423,True,False
1,1,0.8520067072411291,0.16163454597657,0.41921239924590303,True,False
0,1,0.9717065665541166,0.0987502208306637,0.12875898507901307,False,False
0,0,0.03589877790896911,0.06650578885439978,0.15468366449287158,True,False
1,1,0.9661877581456174,0.07032965975440428,0.14775382808176157,True,False
1,1,0.9139694085907335,0.14436703754792415,0.2932565635272062,True,False
0,0,0.026515393195692072,0.055331263591987166,0.12241237778808389,True,False
0,0,0.10860926255789904,0.14982003128644503,0.34359774807678306,True,False
0,1,0.937833149433919,0.08042624136237454,0.23288852263784374,False,False
0,1,0.8550411223650943,0.1667695963337405,0.4138641553721063,False,False
0,0,0.052921305536670904,0.08806899317769648,0.20702862589251675,True,False
1,1,0.9695719393660097,0.056503591069663885,0.13622701321403333,True,False
0,0,0.16823830301619733,0.2098349952871513,0.45308178809513655,True,False
0,0,0.05613017398530719,0.09596249928608161,0.21618403345508844,True,False
